devops@luxbp.com,LBP#Test
mike@test.com,LBP#Test
Joey@test.com,LBP#Test
elvisa@test.com,LBP#Test
miya@test.com,LBP#Test
bob@test.com,LBP#Test
frank@test.com,LBP#Test
oddette@test.com,LBP#Test
lance@test.com,LBP#Test
lylia@test.com,LBP#Test
arcara@test.com,LBP#Test
emma@test.com,LBP#Test
james@test.com,LBP#Test
kai@test.com,LBP#Test
erza@test.com,LBP#Test
amira@test.com,LBP#Test
sophe@test.com,LBP#Test
bruno@test.com,LBP#Test
robin@test.com,LBP#Test
rachel@test.com,LBP#Test
david@test.com,LBP#Test